TradingDate,open,high,low,close,exclose,volume
2019-07-05 10:14:00,1.235,1.26,1.225,1.225,1.225,2149
2019-07-05 10:15:00,1.22,1.255,1.22,1.23,1.23,2163
2019-07-05 10:16:00,1.23,1.23,1.17,1.185,1.185,2163
2019-07-05 10:17:00,1.17,1.18,1.15,1.17,1.17,2164
2019-07-05 10:18:00,1.165,1.165,1.135,1.155,1.155,2176
2019-07-05 10:19:00,1.16,1.26,1.16,1.26,1.26,2281
2019-07-05 10:20:00,1.26,1.26,1.175,1.175,1.175,2298
2019-07-05 10:21:00,1.175,1.185,1.15,1.175,1.175,2305
2019-07-05 10:22:00,1.175,1.205,1.165,1.165,1.165,2523
2019-07-05 10:23:00,1.155,1.165,1.135,1.15,1.15,2785
2019-07-05 10:24:00,1.155,1.16,1.135,1.145,1.145,3030
2019-07-05 10:25:00,1.145,1.215,1.135,1.21,1.21,3162
2019-07-05 10:26:00,1.185,1.19,1.115,1.135,1.135,3198
2019-07-05 10:27:00,1.145,1.18,1.145,1.16,1.16,3254
2019-07-05 10:28:00,1.165,1.165,1.125,1.125,1.125,3255
2019-07-05 10:29:00,1.13,1.14,1.105,1.105,1.105,3255
2019-07-05 10:30:00,1.105,1.12,1.105,1.11,1.11,3257
2019-07-05 10:31:00,1.13,1.135,1.105,1.13,1.13,3372
2019-07-05 10:32:00,1.13,1.14,1.105,1.11,1.11,3374
2019-07-05 10:33:00,1.11,1.125,1.11,1.12,1.12,3375
2019-07-05 10:34:00,1.12,1.12,1.08,1.08,1.08,3384
2019-07-05 10:35:00,1.08,1.085,1.055,1.055,1.055,3525
2019-07-05 10:36:00,1.065,1.065,1.04,1.045,1.045,3572
2019-07-05 10:37:00,1.04,1.08,1.04,1.065,1.065,3586
2019-07-05 10:38:00,1.065,1.08,1.06,1.065,1.065,3608
2019-07-05 10:39:00,1.065,1.075,1.045,1.05,1.05,3628
2019-07-05 10:40:00,1.03,1.065,1.03,1.035,1.035,3779
2019-07-05 10:41:00,1.035,1.045,1.025,1.025,1.025,3878
2019-07-05 10:42:00,1.025,1.04,1.02,1.03,1.03,3892
2019-07-05 10:43:00,1.025,1.045,1.005,1.005,1.005,3918
2019-07-05 10:44:00,1.01,1.01,0.985,0.985,0.985,3948
2019-07-05 10:45:00,0.99,0.99,0.96,0.965,0.965,4028
2019-07-05 10:46:00,0.965,1.0,0.96,1.0,1.0,4040
2019-07-05 10:47:00,1.0,1.06,1.0,1.06,1.06,4055
2019-07-05 10:48:00,1.075,1.085,1.075,1.085,1.085,4059
2019-07-05 10:49:00,1.085,1.09,1.065,1.065,1.065,4165
2019-07-05 10:50:00,1.075,1.115,1.075,1.115,1.115,4176
2019-07-05 10:51:00,1.115,1.13,1.11,1.115,1.115,4373
2019-07-05 10:52:00,1.11,1.165,1.11,1.145,1.145,4494
2019-07-05 10:53:00,1.145,1.155,1.135,1.155,1.155,4502
2019-07-05 10:54:00,1.155,1.155,1.13,1.13,1.13,4544
2019-07-05 10:55:00,1.13,1.135,1.095,1.095,1.095,4763
2019-07-05 10:56:00,1.1,1.11,1.06,1.06,1.06,4764
2019-07-05 10:57:00,1.05,1.06,1.03,1.045,1.045,4764
2019-07-05 10:58:00,1.03,1.125,1.03,1.125,1.125,4764
2019-07-05 10:59:00,1.11,1.175,1.11,1.175,1.175,4868
2019-07-05 11:00:00,1.19,1.195,1.145,1.145,1.145,4970
2019-07-05 11:01:00,1.145,1.145,1.075,1.1,1.1,5096
2019-07-05 11:02:00,1.1,1.15,1.1,1.15,1.15,5113
2019-07-05 11:03:00,1.15,1.15,1.115,1.125,1.125,5223
2019-07-05 11:04:00,1.12,1.15,1.12,1.15,1.15,5225
2019-07-05 11:05:00,1.15,1.18,1.145,1.17,1.17,5326
2019-07-05 11:06:00,1.17,1.175,1.115,1.14,1.14,5335
2019-07-05 11:07:00,1.145,1.16,1.145,1.16,1.16,5344
2019-07-05 11:08:00,1.16,1.17,1.15,1.17,1.17,5364
2019-07-05 11:09:00,1.18,1.235,1.175,1.235,1.235,5364
2019-07-05 11:10:00,1.235,1.245,1.225,1.235,1.235,5608
2019-07-05 11:11:00,1.23,1.23,1.215,1.215,1.215,5676
2019-07-05 11:12:00,1.215,1.235,1.215,1.235,1.235,5725
2019-07-05 11:13:00,1.235,1.315,1.225,1.315,1.315,5931
2019-07-05 11:14:00,1.305,1.31,1.285,1.29,1.29,6257
2019-07-05 11:15:00,1.3,1.305,1.285,1.295,1.295,6298
2019-07-05 11:16:00,1.32,1.325,1.3,1.31,1.31,6324
2019-07-05 11:17:00,1.31,1.325,1.3,1.325,1.325,6362
2019-07-05 11:18:00,1.325,1.325,1.265,1.265,1.265,6654
2019-07-05 11:19:00,1.275,1.325,1.275,1.325,1.325,7278
2019-07-05 11:20:00,1.32,1.32,1.3,1.315,1.315,7288
2019-07-05 11:21:00,1.315,1.345,1.315,1.315,1.315,7307
2019-07-05 11:22:00,1.3,1.3,1.265,1.27,1.27,7328
2019-07-05 11:23:00,1.265,1.29,1.265,1.27,1.27,7342
2019-07-05 11:24:00,1.27,1.27,1.25,1.265,1.265,7350
2019-07-05 11:25:00,1.29,1.3,1.265,1.27,1.27,7360
2019-07-05 11:26:00,1.265,1.3,1.265,1.28,1.28,7385
2019-07-05 11:27:00,1.29,1.31,1.26,1.26,1.26,7393
2019-07-05 11:28:00,1.265,1.34,1.265,1.34,1.34,7393
2019-07-05 11:29:00,1.33,1.36,1.31,1.31,1.31,7404
2019-07-05 11:30:00,1.305,1.355,1.305,1.34,1.34,7404
2019-07-05 11:31:00,1.355,1.385,1.355,1.385,1.385,7424
2019-07-05 11:32:00,1.375,1.375,1.325,1.37,1.37,7429
2019-07-05 11:33:00,1.375,1.385,1.36,1.37,1.37,7459
2019-07-05 11:34:00,1.365,1.375,1.355,1.37,1.37,7517
2019-07-05 11:35:00,1.375,1.38,1.35,1.375,1.375,7517
2019-07-05 11:36:00,1.375,1.375,1.34,1.355,1.355,7528
2019-07-05 11:37:00,1.355,1.355,1.33,1.335,1.335,7542
2019-07-05 11:38:00,1.33,1.335,1.315,1.33,1.33,7567
2019-07-05 11:39:00,1.34,1.385,1.34,1.38,1.38,7582
2019-07-05 11:40:00,1.38,1.385,1.32,1.32,1.32,7588
2019-07-05 11:41:00,1.33,1.33,1.305,1.305,1.305,7613
2019-07-05 11:42:00,1.31,1.33,1.31,1.31,1.31,7615
2019-07-05 11:43:00,1.305,1.315,1.275,1.28,1.28,7625
2019-07-05 11:44:00,1.285,1.295,1.255,1.26,1.26,7739
2019-07-05 11:45:00,1.26,1.26,1.18,1.18,1.18,7749
2019-07-05 11:46:00,1.19,1.2,1.17,1.17,1.17,7850
2019-07-05 11:47:00,1.17,1.17,1.13,1.17,1.17,8210
2019-07-05 11:48:00,1.17,1.235,1.165,1.235,1.235,8247
2019-07-05 11:49:00,1.235,1.25,1.21,1.25,1.25,8255
2019-07-05 11:50:00,1.24,1.31,1.225,1.31,1.31,8427
2019-07-05 11:51:00,1.31,1.31,1.275,1.3,1.3,8588
2019-07-05 11:52:00,1.29,1.29,1.275,1.28,1.28,8621
2019-07-05 11:53:00,1.28,1.285,1.255,1.285,1.285,8621
2019-07-05 11:54:00,1.28,1.295,1.265,1.265,1.265,8622
2019-07-05 11:55:00,1.275,1.285,1.255,1.275,1.275,8622
2019-07-05 11:56:00,1.275,1.295,1.26,1.295,1.295,8639
2019-07-05 11:57:00,1.295,1.355,1.295,1.355,1.355,8662
2019-07-05 11:58:00,1.345,1.365,1.345,1.35,1.35,9292
2019-07-05 11:59:00,1.335,1.395,1.335,1.395,1.395,9364
2019-07-05 12:00:00,1.375,1.39,1.375,1.385,1.385,9622
2019-07-05 12:01:00,1.385,1.43,1.375,1.38,1.38,9978
2019-07-05 12:02:00,1.4,1.4,1.365,1.375,1.375,10010
2019-07-05 12:03:00,1.365,1.365,1.345,1.35,1.35,10030
2019-07-05 12:04:00,1.36,1.36,1.305,1.305,1.305,10096
2019-07-05 12:05:00,1.305,1.325,1.285,1.285,1.285,10101
2019-07-05 12:06:00,1.29,1.29,1.26,1.285,1.285,10132
2019-07-05 12:07:00,1.28,1.305,1.28,1.3,1.3,10454
2019-07-05 12:08:00,1.3,1.375,1.295,1.37,1.37,10610
2019-07-05 12:09:00,1.37,1.39,1.37,1.375,1.375,10763
2019-07-05 12:10:00,1.375,1.4,1.365,1.4,1.4,10939
2019-07-05 12:11:00,1.4,1.44,1.4,1.435,1.435,10949
2019-07-05 12:12:00,1.435,1.445,1.43,1.43,1.43,10966
2019-07-05 12:13:00,1.43,1.435,1.42,1.435,1.435,11034
2019-07-05 12:14:00,1.435,1.445,1.425,1.445,1.445,11042
2019-07-05 12:15:00,1.445,1.485,1.44,1.46,1.46,11208
2019-07-05 12:16:00,1.46,1.51,1.46,1.49,1.49,11236
2019-07-05 12:17:00,1.485,1.53,1.485,1.525,1.525,11250
2019-07-05 12:18:00,1.525,1.525,1.51,1.515,1.515,11362
2019-07-05 12:19:00,1.52,1.56,1.52,1.56,1.56,11382
2019-07-05 12:20:00,1.56,1.56,1.47,1.485,1.485,11464
2019-07-05 12:21:00,1.49,1.525,1.49,1.525,1.525,11505
2019-07-05 12:22:00,1.53,1.545,1.525,1.545,1.545,11541
2019-07-05 12:23:00,1.545,1.585,1.545,1.55,1.55,11552
2019-07-05 12:24:00,1.55,1.585,1.55,1.58,1.58,11596
2019-07-05 12:25:00,1.595,1.595,1.59,1.59,1.59,11757
2019-07-05 12:26:00,1.59,1.59,1.525,1.525,1.525,11787
2019-07-05 12:27:00,1.525,1.535,1.52,1.52,1.52,11788
2019-07-05 12:28:00,1.52,1.53,1.515,1.515,1.515,11796
2019-07-05 12:29:00,1.51,1.535,1.505,1.53,1.53,11805
2019-07-05 12:30:00,1.53,1.57,1.53,1.555,1.555,11831
2019-07-05 12:31:00,1.555,1.57,1.54,1.57,1.57,11834
2019-07-05 12:32:00,1.57,1.575,1.545,1.555,1.555,11836
2019-07-05 12:33:00,1.555,1.565,1.54,1.56,1.56,11845
2019-07-05 12:34:00,1.555,1.575,1.55,1.575,1.575,11849
2019-07-05 12:35:00,1.59,1.625,1.575,1.615,1.615,11852
2019-07-05 12:36:00,1.61,1.675,1.61,1.675,1.675,11910
2019-07-05 12:37:00,1.675,1.68,1.66,1.665,1.665,11931
2019-07-05 12:38:00,1.665,1.68,1.65,1.68,1.68,12094
2019-07-05 12:39:00,1.68,1.705,1.675,1.7,1.7,12105
2019-07-05 12:40:00,1.7,1.7,1.675,1.675,1.675,12134
2019-07-05 12:41:00,1.675,1.69,1.675,1.675,1.675,12143
2019-07-05 12:42:00,1.675,1.69,1.675,1.685,1.685,12176
2019-07-05 12:43:00,1.685,1.69,1.68,1.69,1.69,12185
2019-07-05 12:44:00,1.69,1.69,1.67,1.68,1.68,12186
2019-07-05 12:45:00,1.68,1.69,1.675,1.685,1.685,12186
2019-07-05 12:46:00,1.685,1.69,1.675,1.675,1.675,12239
2019-07-05 12:47:00,1.675,1.675,1.67,1.67,1.67,12300
2019-07-05 12:48:00,1.67,1.68,1.645,1.67,1.67,12302
2019-07-05 12:49:00,1.67,1.67,1.65,1.65,1.65,12352
2019-07-05 12:50:00,1.65,1.685,1.65,1.67,1.67,12352
2019-07-05 12:51:00,1.67,1.685,1.66,1.68,1.68,12353
2019-07-05 12:52:00,1.68,1.72,1.67,1.715,1.715,12353
2019-07-05 12:53:00,1.715,1.715,1.7,1.715,1.715,12373
2019-07-05 12:54:00,1.715,1.725,1.705,1.715,1.715,12373
2019-07-05 12:55:00,1.72,1.72,1.71,1.715,1.715,12458
2019-07-05 12:56:00,1.715,1.715,1.7,1.7,1.7,12458
2019-07-05 12:57:00,1.7,1.7,1.675,1.675,1.675,12484
2019-07-05 12:58:00,1.675,1.675,1.63,1.64,1.64,12484
2019-07-05 12:59:00,1.635,1.64,1.635,1.64,1.64,12894
2019-07-05 13:00:00,1.645,1.67,1.635,1.64,1.64,12908
2019-07-05 13:01:00,1.64,1.675,1.64,1.64,1.64,12933
2019-07-05 13:02:00,1.64,1.645,1.595,1.595,1.595,12933
2019-07-05 13:03:00,1.58,1.58,1.53,1.53,1.53,12942
2019-07-05 13:04:00,1.535,1.62,1.53,1.62,1.62,12951
2019-07-05 13:05:00,1.62,1.67,1.62,1.67,1.67,12976
2019-07-05 13:06:00,1.67,1.67,1.635,1.64,1.64,12976
2019-07-05 13:07:00,1.64,1.67,1.63,1.66,1.66,12976
2019-07-05 13:08:00,1.67,1.68,1.66,1.67,1.67,12976
2019-07-05 13:09:00,1.655,1.655,1.635,1.65,1.65,12976
2019-07-05 13:10:00,1.65,1.68,1.65,1.67,1.67,12976
2019-07-05 13:11:00,1.67,1.68,1.66,1.665,1.665,12986
2019-07-05 13:12:00,1.665,1.67,1.65,1.65,1.65,12987
2019-07-05 13:13:00,1.65,1.655,1.625,1.625,1.625,12987
2019-07-05 13:14:00,1.63,1.645,1.63,1.645,1.645,12988
2019-07-05 13:15:00,1.645,1.645,1.63,1.64,1.64,12988
2019-07-05 13:16:00,1.645,1.67,1.64,1.67,1.67,12996
2019-07-05 13:17:00,1.66,1.67,1.655,1.67,1.67,12998
2019-07-05 13:18:00,1.67,1.685,1.66,1.67,1.67,12998
2019-07-05 13:19:00,1.67,1.68,1.67,1.675,1.675,13001
2019-07-05 13:20:00,1.675,1.68,1.655,1.67,1.67,13101
2019-07-05 13:21:00,1.685,1.7,1.685,1.695,1.695,13103
2019-07-05 13:22:00,1.7,1.775,1.7,1.77,1.77,13112
2019-07-05 13:23:00,1.76,1.775,1.745,1.75,1.75,13275
2019-07-05 13:24:00,1.75,1.785,1.75,1.78,1.78,13280
2019-07-05 13:25:00,1.78,1.78,1.78,1.78,1.78,13282
2019-07-05 13:26:00,1.78,1.785,1.775,1.775,1.775,13284
2019-07-05 13:27:00,1.78,1.785,1.775,1.785,1.785,13295
2019-07-05 13:28:00,1.78,1.785,1.775,1.78,1.78,13295
2019-07-05 13:29:00,1.78,1.8,1.78,1.8,1.8,13295
2019-07-05 13:30:00,1.81,1.825,1.8,1.825,1.825,13295
2019-07-05 13:31:00,1.825,1.83,1.815,1.825,1.825,13300
2019-07-05 13:32:00,1.83,1.84,1.83,1.84,1.84,13303
2019-07-05 13:33:00,1.84,1.84,1.78,1.78,1.78,13328
2019-07-05 13:34:00,1.765,1.8,1.75,1.8,1.8,13348
2019-07-05 13:35:00,1.805,1.805,1.77,1.78,1.78,13348
2019-07-05 13:36:00,1.78,1.79,1.77,1.775,1.775,13348
2019-07-05 13:37:00,1.77,1.8,1.77,1.8,1.8,13348
2019-07-05 13:38:00,1.8,1.87,1.8,1.86,1.86,13348
2019-07-05 13:39:00,1.86,1.865,1.85,1.85,1.85,13358
2019-07-05 13:40:00,1.855,1.855,1.825,1.84,1.84,13369
2019-07-05 13:41:00,1.84,1.91,1.84,1.91,1.91,13374
2019-07-05 13:42:00,1.91,1.93,1.91,1.93,1.93,13421
2019-07-05 13:43:00,1.93,1.93,1.875,1.9,1.9,13471
2019-07-05 13:44:00,1.9,1.935,1.9,1.92,1.92,13473
2019-07-05 13:45:00,1.92,1.92,1.885,1.885,1.885,13479
2019-07-05 13:46:00,1.885,1.885,1.87,1.885,1.885,13479
2019-07-05 13:47:00,1.885,1.9,1.88,1.885,1.885,13479
2019-07-05 13:48:00,1.885,1.89,1.86,1.86,1.86,13483
2019-07-05 13:49:00,1.875,1.89,1.875,1.89,1.89,13486
2019-07-05 13:50:00,1.89,1.895,1.875,1.88,1.88,13487
2019-07-05 13:51:00,1.88,1.885,1.865,1.885,1.885,13487
2019-07-05 13:52:00,1.865,1.865,1.8,1.82,1.82,13487
2019-07-05 13:53:00,1.82,1.855,1.815,1.815,1.815,13488
2019-07-05 13:54:00,1.82,1.82,1.805,1.82,1.82,13488
2019-07-05 13:55:00,1.815,1.83,1.81,1.82,1.82,13489
2019-07-05 13:56:00,1.82,1.825,1.795,1.805,1.805,13489
2019-07-05 13:57:00,1.795,1.82,1.79,1.8,1.8,13502
2019-07-05 13:58:00,1.8,1.82,1.8,1.82,1.82,13502
2019-07-05 13:59:00,1.82,1.835,1.82,1.83,1.83,13503
2019-07-05 14:00:00,1.835,1.875,1.835,1.87,1.87,13503
2019-07-05 14:01:00,1.87,1.915,1.87,1.905,1.905,13503
2019-07-05 14:02:00,1.91,1.92,1.9,1.9,1.9,13504
2019-07-05 14:03:00,1.905,1.915,1.9,1.905,1.905,13507
2019-07-05 14:04:00,1.905,1.915,1.905,1.91,1.91,13507
2019-07-05 14:05:00,1.92,1.92,1.87,1.875,1.875,13509
2019-07-05 14:06:00,1.865,1.865,1.83,1.85,1.85,13509
2019-07-05 14:07:00,1.85,1.85,1.8,1.8,1.8,13543
2019-07-05 14:08:00,1.795,1.81,1.79,1.79,1.79,13543
2019-07-05 14:09:00,1.79,1.805,1.79,1.805,1.805,13544
2019-07-05 14:10:00,1.825,1.855,1.825,1.84,1.84,13544
2019-07-05 14:11:00,1.835,1.84,1.8,1.805,1.805,13544
2019-07-05 14:12:00,1.785,1.785,1.76,1.76,1.76,13544
2019-07-05 14:13:00,1.76,1.79,1.76,1.785,1.785,13544
2019-07-05 14:14:00,1.785,1.795,1.765,1.77,1.77,13544
2019-07-05 14:15:00,1.77,1.77,1.75,1.75,1.75,13544
2019-07-05 14:16:00,1.75,1.77,1.75,1.75,1.75,13544
2019-07-05 14:17:00,1.75,1.785,1.75,1.78,1.78,13544
2019-07-05 14:18:00,1.78,1.84,1.78,1.84,1.84,13544
2019-07-05 14:19:00,1.835,1.84,1.82,1.835,1.835,13544
2019-07-05 14:20:00,1.835,1.855,1.835,1.845,1.845,13544
2019-07-05 14:21:00,1.84,1.84,1.825,1.83,1.83,13545
2019-07-05 14:22:00,1.83,1.86,1.825,1.86,1.86,13545
2019-07-05 14:23:00,1.865,1.87,1.85,1.865,1.865,13545
2019-07-05 14:24:00,1.865,1.87,1.855,1.855,1.855,13545
2019-07-05 14:25:00,1.855,1.855,1.85,1.85,1.85,13545
2019-07-05 14:26:00,1.85,1.855,1.85,1.85,1.85,13545
2019-07-05 14:27:00,1.855,1.87,1.85,1.855,1.855,13545
2019-07-05 14:28:00,1.85,1.87,1.85,1.87,1.87,13548
2019-07-05 14:29:00,1.87,1.87,1.85,1.85,1.85,13558
2019-07-05 14:30:00,1.87,1.935,1.87,1.9,1.9,13558
2019-07-05 14:31:00,1.905,1.965,1.905,1.965,1.965,13563
2019-07-05 14:32:00,1.98,2.025,1.98,2.025,2.025,13566
2019-07-05 14:33:00,2.02,2.02,1.985,1.99,1.99,13569
2019-07-05 14:34:00,1.99,1.995,1.985,1.985,1.985,13569
2019-07-05 14:35:00,1.985,1.995,1.975,1.975,1.975,13569
2019-07-05 14:36:00,1.975,2.005,1.97,2.0,2.0,13619
2019-07-05 14:37:00,1.99,2.095,1.99,2.095,2.095,13619
2019-07-05 14:38:00,2.1,2.165,2.1,2.13,2.13,13621
2019-07-05 14:39:00,2.125,2.13,2.105,2.105,2.105,13626
2019-07-05 14:40:00,2.105,2.12,2.065,2.115,2.115,13626
2019-07-05 14:41:00,2.115,2.115,2.07,2.07,2.07,13626
2019-07-05 14:42:00,2.065,2.075,2.06,2.06,2.06,13628
2019-07-05 14:43:00,2.065,2.075,2.06,2.07,2.07,13629
2019-07-05 14:44:00,2.085,2.13,2.075,2.13,2.13,13629
2019-07-05 14:45:00,2.105,2.115,2.09,2.105,2.105,13630
2019-07-05 14:46:00,2.105,2.12,2.105,2.115,2.115,13630
2019-07-05 14:47:00,2.12,2.13,2.09,2.13,2.13,13634
2019-07-05 14:48:00,2.135,2.18,2.135,2.18,2.18,13634
2019-07-05 14:49:00,2.185,2.19,2.165,2.19,2.19,13635
2019-07-05 14:50:00,2.19,2.195,2.17,2.175,2.175,13636
2019-07-05 14:51:00,2.175,2.18,2.155,2.175,2.175,13636
2019-07-05 14:52:00,2.175,2.195,2.17,2.195,2.195,13636
2019-07-05 14:53:00,2.195,2.215,2.19,2.205,2.205,13637
2019-07-05 14:54:00,2.205,2.215,2.19,2.205,2.205,13637
2019-07-05 14:55:00,2.205,2.215,2.205,2.205,2.205,13637
2019-07-05 14:56:00,2.205,2.205,2.17,2.185,2.185,13637
2019-07-05 14:57:00,2.215,2.215,2.19,2.21,2.21,13638
2019-07-05 14:58:00,2.21,2.245,2.205,2.245,2.245,13639
2019-07-05 14:59:00,2.24,2.255,2.235,2.245,2.245,13644
2019-07-05 15:00:00,2.245,2.25,2.24,2.24,2.24,13646
2019-07-05 15:01:00,2.24,2.24,2.185,2.185,2.185,13649
2019-07-05 15:02:00,2.185,2.19,2.16,2.17,2.17,13846
2019-07-05 15:03:00,2.165,2.165,2.135,2.135,2.135,13853
2019-07-05 15:04:00,2.155,2.155,2.08,2.08,2.08,13853
2019-07-05 15:05:00,2.075,2.09,2.065,2.09,2.09,13853
2019-07-05 15:06:00,2.095,2.1,2.045,2.045,2.045,13853
2019-07-05 15:07:00,2.045,2.065,2.04,2.065,2.065,13877
2019-07-05 15:08:00,2.06,2.075,2.04,2.04,2.04,13878
2019-07-05 15:09:00,2.04,2.105,2.04,2.095,2.095,13878
2019-07-05 15:10:00,2.095,2.095,2.045,2.05,2.05,13902
2019-07-05 15:11:00,2.05,2.085,1.975,1.975,1.975,13903
2019-07-05 15:12:00,1.97,1.97,1.865,1.865,1.865,13927
2019-07-05 15:13:00,1.86,1.91,1.845,1.89,1.89,13929
2019-07-05 15:14:00,1.895,1.98,1.89,1.98,1.98,13960
2019-07-05 15:15:00,1.995,1.995,1.93,1.93,1.93,14160
2019-07-05 15:16:00,1.925,1.925,1.9,1.905,1.905,14170
2019-07-05 15:17:00,1.905,1.905,1.87,1.875,1.875,14170
2019-07-05 15:18:00,1.875,1.88,1.86,1.88,1.88,14235
2019-07-05 15:19:00,1.885,1.91,1.885,1.9,1.9,14253
2019-07-05 15:20:00,1.9,1.96,1.885,1.96,1.96,14264
2019-07-05 15:21:00,1.955,1.965,1.935,1.965,1.965,14269
2019-07-05 15:22:00,1.965,1.965,1.94,1.955,1.955,14269
2019-07-05 15:23:00,1.965,2.015,1.965,2.005,2.005,14274
2019-07-05 15:24:00,2.0,2.05,1.985,2.04,2.04,14274
2019-07-05 15:25:00,2.045,2.045,2.005,2.01,2.01,14274
2019-07-05 15:26:00,2.01,2.01,1.965,1.965,1.965,14277
2019-07-05 15:27:00,1.965,1.965,1.935,1.95,1.95,14277
2019-07-05 15:28:00,1.945,1.975,1.945,1.975,1.975,14287
2019-07-05 15:29:00,1.975,2.04,1.975,2.035,2.035,14297
2019-07-05 15:30:00,2.045,2.115,2.045,2.1,2.1,14297
2019-07-05 15:31:00,2.025,2.025,1.945,1.96,1.96,14307
2019-07-05 15:32:00,1.945,1.965,1.915,1.93,1.93,14307
2019-07-05 15:33:00,1.915,1.985,1.915,1.985,1.985,14309
2019-07-05 15:34:00,1.975,1.99,1.94,1.955,1.955,14309
2019-07-05 15:35:00,1.955,2.005,1.955,1.985,1.985,14319
2019-07-05 15:36:00,1.985,2.02,1.945,1.945,1.945,14330
2019-07-05 15:37:00,1.945,1.995,1.94,1.94,1.94,14332
2019-07-05 15:38:00,1.965,1.965,1.9,1.935,1.935,14332
2019-07-05 15:39:00,1.925,1.925,1.89,1.895,1.895,14332
2019-07-05 15:40:00,1.905,1.905,1.875,1.895,1.895,14332
2019-07-05 15:41:00,1.895,1.915,1.885,1.895,1.895,14341
2019-07-05 15:42:00,1.895,1.93,1.895,1.915,1.915,14341
2019-07-05 15:43:00,1.915,1.915,1.855,1.86,1.86,14341
2019-07-05 15:44:00,1.865,1.885,1.86,1.86,1.86,14352
2019-07-05 15:45:00,1.875,1.895,1.855,1.895,1.895,14362
2019-07-05 15:46:00,1.89,1.92,1.875,1.92,1.92,14377
2019-07-05 15:47:00,1.915,1.94,1.88,1.88,1.88,14378
2019-07-05 15:48:00,1.875,1.88,1.865,1.865,1.865,14378
2019-07-05 15:49:00,1.88,1.89,1.81,1.81,1.81,14383
2019-07-05 15:50:00,1.82,1.87,1.795,1.8,1.8,14383
2019-07-05 15:51:00,1.8,1.81,1.78,1.78,1.78,14386
2019-07-05 15:52:00,1.765,1.775,1.725,1.755,1.755,14386
2019-07-05 15:53:00,1.755,1.845,1.755,1.825,1.825,14389
2019-07-05 15:54:00,1.815,1.825,1.695,1.695,1.695,14394
2019-07-05 15:55:00,1.685,1.715,1.665,1.67,1.67,14396
2019-07-05 15:56:00,1.675,1.685,1.625,1.685,1.685,14404
2019-07-05 15:57:00,1.66,1.715,1.66,1.705,1.705,14416
2019-07-05 15:58:00,1.705,1.79,1.69,1.79,1.79,14454
2019-07-05 15:59:00,1.805,2.055,1.79,2.055,2.055,14490
2019-07-05 16:00:00,2.055,2.055,2.055,2.055,2.055,14535
2019-07-08 09:30:00,1.125,1.125,1.08,1.08,1.08,5
2019-07-08 09:31:00,1.065,1.075,0.995,1.0,1.0,151
2019-07-08 09:32:00,1.02,1.045,0.995,0.995,0.995,472
2019-07-08 09:33:00,1.01,1.045,0.96,1.045,1.045,689
2019-07-08 09:34:00,1.045,1.045,1.01,1.02,1.02,798
2019-07-08 09:35:00,1.01,1.03,0.985,1.005,1.005,907
2019-07-08 09:36:00,0.99,1.045,0.99,0.995,0.995,1082
2019-07-08 09:37:00,1.0,1.01,0.93,0.95,0.95,1204
2019-07-08 09:38:00,0.95,0.97,0.92,0.95,0.95,1598
2019-07-08 09:39:00,0.955,0.955,0.915,0.925,0.925,1708
2019-07-08 09:40:00,0.915,0.93,0.915,0.925,0.925,1802
2019-07-08 09:41:00,0.945,0.945,0.89,0.89,0.89,1960
2019-07-08 09:42:00,0.9,0.95,0.9,0.945,0.945,2201
2019-07-08 09:43:00,0.945,0.95,0.925,0.935,0.935,2258
2019-07-08 09:44:00,0.935,0.955,0.935,0.955,0.955,2284
2019-07-08 09:45:00,0.97,0.985,0.955,0.97,0.97,2362
2019-07-08 09:46:00,0.97,0.975,0.915,0.915,0.915,2505
2019-07-08 09:47:00,0.915,0.915,0.885,0.885,0.885,3863
2019-07-08 09:48:00,0.885,0.915,0.885,0.885,0.885,3946
2019-07-08 09:49:00,0.885,0.925,0.885,0.915,0.915,3993
2019-07-08 09:50:00,0.935,0.95,0.895,0.935,0.935,4034
2019-07-08 09:51:00,0.94,0.965,0.935,0.955,0.955,4133
2019-07-08 09:52:00,0.94,0.95,0.925,0.94,0.94,4197
2019-07-08 09:53:00,0.94,0.955,0.94,0.945,0.945,4199
2019-07-08 09:54:00,0.945,0.96,0.935,0.945,0.945,4250
2019-07-08 09:55:00,0.945,0.945,0.915,0.915,0.915,4413
2019-07-08 09:56:00,0.915,0.935,0.915,0.935,0.935,4645
2019-07-08 09:57:00,0.935,0.945,0.925,0.925,0.925,4652
2019-07-08 09:58:00,0.935,0.94,0.92,0.925,0.925,4805
2019-07-08 09:59:00,0.92,0.935,0.915,0.915,0.915,4830
2019-07-08 10:00:00,0.915,0.965,0.915,0.965,0.965,4844
2019-07-08 10:01:00,0.965,0.975,0.935,0.935,0.935,4849
2019-07-08 10:02:00,0.93,0.975,0.93,0.97,0.97,5031
2019-07-08 10:03:00,0.975,1.005,0.97,1.0,1.0,5253
2019-07-08 10:04:00,0.995,1.025,0.99,1.025,1.025,5777
2019-07-08 10:05:00,1.035,1.045,1.02,1.035,1.035,6044
2019-07-08 10:06:00,1.035,1.045,1.03,1.045,1.045,6255
2019-07-08 10:07:00,1.055,1.095,1.055,1.095,1.095,6660
2019-07-08 10:08:00,1.095,1.095,1.07,1.095,1.095,6806
2019-07-08 10:09:00,1.095,1.095,1.08,1.085,1.085,6953
2019-07-08 10:10:00,1.09,1.095,1.065,1.075,1.075,7017
2019-07-08 10:11:00,1.075,1.09,1.07,1.09,1.09,7068
2019-07-08 10:12:00,1.095,1.14,1.095,1.125,1.125,7138
2019-07-08 10:13:00,1.13,1.155,1.105,1.155,1.155,7438
2019-07-08 10:14:00,1.165,1.205,1.155,1.18,1.18,7511
2019-07-08 10:15:00,1.175,1.245,1.175,1.245,1.245,7607
2019-07-08 10:16:00,1.245,1.255,1.205,1.21,1.21,7713
2019-07-08 10:17:00,1.21,1.22,1.185,1.205,1.205,7735
2019-07-08 10:18:00,1.19,1.2,1.185,1.185,1.185,8065
2019-07-08 10:19:00,1.185,1.195,1.185,1.185,1.185,8172
2019-07-08 10:20:00,1.185,1.185,1.155,1.17,1.17,8306
2019-07-08 10:21:00,1.165,1.175,1.155,1.16,1.16,8348
2019-07-08 10:22:00,1.155,1.16,1.14,1.145,1.145,8379
2019-07-08 10:23:00,1.145,1.145,1.125,1.14,1.14,8512
2019-07-08 10:24:00,1.14,1.155,1.13,1.135,1.135,8576
2019-07-08 10:25:00,1.135,1.14,1.09,1.09,1.09,8635
2019-07-08 10:26:00,1.09,1.09,1.045,1.045,1.045,8747
2019-07-08 10:27:00,1.055,1.06,1.04,1.04,1.04,8849
2019-07-08 10:28:00,1.045,1.045,1.005,1.005,1.005,8854
2019-07-08 10:29:00,1.005,1.005,0.99,0.99,0.99,8974
2019-07-08 10:30:00,0.975,0.975,0.95,0.955,0.955,9391
2019-07-08 10:31:00,0.955,0.955,0.925,0.925,0.925,9537
2019-07-08 10:32:00,0.925,0.925,0.87,0.875,0.875,9571
2019-07-08 10:33:00,0.88,0.905,0.865,0.895,0.895,9755
2019-07-08 10:34:00,0.895,0.905,0.875,0.885,0.885,9922
2019-07-08 10:35:00,0.89,0.92,0.885,0.92,0.92,10147
2019-07-08 10:36:00,0.92,0.955,0.92,0.955,0.955,10348
2019-07-08 10:37:00,0.955,0.955,0.92,0.92,0.92,10617
2019-07-08 10:38:00,0.92,0.955,0.92,0.955,0.955,10772
2019-07-08 10:39:00,0.955,0.975,0.94,0.975,0.975,10789
2019-07-08 10:40:00,0.975,0.995,0.96,0.965,0.965,10874
2019-07-08 10:41:00,0.97,0.975,0.96,0.97,0.97,11096
2019-07-08 10:42:00,0.97,1.005,0.935,1.005,1.005,11128
2019-07-08 10:43:00,1.005,1.025,1.0,1.015,1.015,11309
2019-07-08 10:44:00,1.015,1.03,1.015,1.025,1.025,11354
2019-07-08 10:45:00,1.025,1.035,1.01,1.035,1.035,11619
2019-07-08 10:46:00,1.065,1.075,1.025,1.03,1.03,11726
2019-07-08 10:47:00,1.025,1.025,0.95,0.95,0.95,11760
2019-07-08 10:48:00,0.955,0.99,0.95,0.95,0.95,12033
2019-07-08 10:49:00,0.945,0.98,0.945,0.98,0.98,12487
2019-07-08 10:50:00,0.98,0.985,0.935,0.935,0.935,12702
2019-07-08 10:51:00,0.935,0.935,0.905,0.925,0.925,12775
2019-07-08 10:52:00,0.925,0.925,0.875,0.89,0.89,12831
2019-07-08 10:53:00,0.895,0.92,0.88,0.895,0.895,13256
2019-07-08 10:54:00,0.895,0.895,0.875,0.88,0.88,13850
2019-07-08 10:55:00,0.875,0.89,0.875,0.885,0.885,13955
2019-07-08 11:18:00,1.02,1.025,1.02,1.02,1.02,15494
2019-07-08 11:19:00,1.025,1.055,1.025,1.055,1.055,15498
2019-07-08 11:19:00,1.025,1.055,1.025,1.055,1.055,15498
2019-07-08 11:20:00,1.055,1.055,1.055,1.055,1.055,15510
2019-07-08 11:35:00,0.89,0.9,0.89,0.9,0.9,16877
2019-07-08 11:36:00,0.915,0.915,0.895,0.895,0.895,16877
2019-07-08 11:39:00,0.885,0.885,0.87,0.875,0.875,16909
2019-07-08 11:39:00,0.885,0.885,0.87,0.875,0.875,16909
2019-07-08 12:43:00,0.765,0.78,0.765,0.775,0.775,20014
2019-07-08 12:44:00,0.775,0.775,0.77,0.775,0.775,20212
2019-07-08 12:45:00,0.775,0.775,0.775,0.775,0.775,20237
2019-07-08 13:12:00,0.845,0.855,0.84,0.855,0.855,20806
2019-07-08 13:13:00,0.855,0.865,0.835,0.845,0.845,20812
2019-07-08 13:14:00,0.845,0.845,0.845,0.845,0.845,20832
2019-07-08 13:15:00,0.855,0.875,0.855,0.875,0.875,20842
2019-07-08 13:16:00,0.875,0.885,0.875,0.885,0.885,20867
2019-07-08 13:17:00,0.885,0.885,0.875,0.885,0.885,20872
2019-07-08 13:18:00,0.885,0.885,0.86,0.86,0.86,20988
2019-07-08 13:19:00,0.86,0.865,0.85,0.865,0.865,20992
2019-07-08 13:20:00,0.865,0.865,0.86,0.865,0.865,21142
2019-07-08 13:21:00,0.865,0.865,0.85,0.85,0.85,21145
2019-07-08 13:22:00,0.85,0.86,0.85,0.855,0.855,21164
2019-07-08 13:23:00,0.855,0.855,0.84,0.84,0.84,21184
2019-07-08 13:24:00,0.845,0.845,0.825,0.83,0.83,21192
2019-07-08 13:25:00,0.83,0.835,0.82,0.825,0.825,21212
2019-07-08 13:26:00,0.825,0.825,0.815,0.825,0.825,21214
2019-07-08 13:27:00,0.825,0.825,0.815,0.815,0.815,21236
2019-07-08 13:28:00,0.815,0.835,0.815,0.825,0.825,21240
2019-07-08 13:29:00,0.83,0.835,0.815,0.83,0.83,21245
2019-07-08 13:30:00,0.83,0.845,0.825,0.845,0.845,21245
2019-07-08 13:31:00,0.845,0.845,0.825,0.835,0.835,21255
2019-07-08 13:32:00,0.835,0.835,0.82,0.835,0.835,21258
2019-07-08 13:33:00,0.835,0.84,0.835,0.84,0.84,21263
2019-07-08 13:34:00,0.84,0.855,0.835,0.855,0.855,21263
2019-07-08 13:35:00,0.855,0.865,0.855,0.865,0.865,21264
2019-07-08 13:36:00,0.865,0.905,0.865,0.905,0.905,21285
2019-07-08 13:37:00,0.905,0.905,0.88,0.885,0.885,21626
2019-07-08 13:38:00,0.88,0.88,0.855,0.88,0.88,21661
2019-07-08 13:39:00,0.88,0.88,0.835,0.845,0.845,21824
2019-07-08 13:40:00,0.845,0.855,0.81,0.81,0.81,21849
2019-07-08 13:41:00,0.805,0.82,0.805,0.805,0.805,21865
2019-07-08 13:42:00,0.805,0.805,0.785,0.785,0.785,21893
2019-07-08 13:43:00,0.785,0.785,0.765,0.78,0.78,22263
2019-07-08 13:44:00,0.78,0.81,0.78,0.81,0.81,22573
2019-07-08 13:45:00,0.805,0.815,0.795,0.795,0.795,22574
2019-07-08 13:46:00,0.795,0.805,0.795,0.8,0.8,22597
2019-07-08 13:47:00,0.8,0.8,0.765,0.765,0.765,22605
2019-07-08 13:48:00,0.765,0.795,0.765,0.795,0.795,22607
2019-07-08 13:49:00,0.795,0.81,0.795,0.8,0.8,22613
2019-07-08 13:50:00,0.805,0.83,0.805,0.83,0.83,22625
2019-07-08 13:51:00,0.825,0.85,0.82,0.85,0.85,22631
2019-07-08 13:52:00,0.845,0.845,0.845,0.845,0.845,22649
2019-07-08 13:53:00,0.85,0.85,0.835,0.835,0.835,22649
2019-07-08 13:54:00,0.835,0.835,0.825,0.835,0.835,22837
2019-07-08 13:55:00,0.835,0.835,0.825,0.835,0.835,22852
2019-07-08 13:56:00,0.83,0.835,0.83,0.83,0.83,22857
2019-07-08 13:57:00,0.835,0.835,0.835,0.835,0.835,22862
2019-07-08 13:58:00,0.84,0.845,0.825,0.83,0.83,22862
2019-07-08 13:59:00,0.83,0.835,0.825,0.825,0.825,22865
2019-07-08 14:00:00,0.825,0.825,0.81,0.815,0.815,22865
2019-07-08 14:01:00,0.825,0.825,0.815,0.815,0.815,22916
2019-07-08 14:02:00,0.81,0.815,0.79,0.79,0.79,22924
2019-07-08 14:03:00,0.795,0.795,0.78,0.78,0.78,22926
2019-07-08 14:04:00,0.78,0.785,0.765,0.775,0.775,23185
2019-07-08 14:05:00,0.785,0.795,0.765,0.78,0.78,23206
2019-07-08 14:06:00,0.78,0.79,0.775,0.785,0.785,23222
2019-07-08 14:07:00,0.785,0.795,0.785,0.785,0.785,23236
2019-07-08 14:08:00,0.785,0.795,0.775,0.795,0.795,23239
2019-07-08 14:09:00,0.795,0.825,0.795,0.825,0.825,23253
2019-07-08 14:10:00,0.825,0.835,0.815,0.82,0.82,23273
2019-07-08 14:11:00,0.82,0.825,0.82,0.82,0.82,23296
2019-07-08 14:12:00,0.82,0.82,0.79,0.79,0.79,23308
2019-07-08 14:13:00,0.795,0.795,0.78,0.78,0.78,23309
2019-07-08 14:14:00,0.78,0.795,0.78,0.795,0.795,23309
2019-07-08 14:15:00,0.795,0.795,0.775,0.775,0.775,23309
2019-07-08 14:16:00,0.78,0.785,0.78,0.785,0.785,23316
2019-07-08 14:17:00,0.785,0.795,0.785,0.795,0.795,23318
2019-07-08 14:18:00,0.785,0.785,0.77,0.775,0.775,23319
2019-07-08 14:19:00,0.775,0.795,0.775,0.795,0.795,23332
2019-07-08 14:20:00,0.795,0.815,0.795,0.795,0.795,23333
2019-07-08 14:21:00,0.795,0.795,0.775,0.775,0.775,23333
2019-07-08 14:22:00,0.775,0.775,0.76,0.765,0.765,23335
2019-07-08 14:23:00,0.765,0.775,0.76,0.76,0.76,23422
2019-07-08 14:24:00,0.755,0.755,0.745,0.745,0.745,23449
2019-07-08 14:25:00,0.735,0.735,0.705,0.715,0.715,23681
2019-07-08 14:26:00,0.725,0.75,0.725,0.75,0.75,23767
2019-07-08 14:27:00,0.745,0.775,0.745,0.77,0.77,23880
2019-07-08 14:28:00,0.765,0.775,0.76,0.775,0.775,23884
2019-07-08 14:29:00,0.765,0.795,0.765,0.785,0.785,23885
2019-07-08 14:30:00,0.795,0.815,0.795,0.795,0.795,24005
2019-07-08 14:31:00,0.795,0.805,0.79,0.805,0.805,24041
2019-07-08 14:32:00,0.805,0.805,0.8,0.805,0.805,24067
2019-07-08 14:33:00,0.805,0.825,0.805,0.825,0.825,24078
2019-07-08 14:34:00,0.825,0.84,0.825,0.835,0.835,24119
2019-07-08 14:35:00,0.835,0.835,0.815,0.815,0.815,24153
2019-07-08 14:36:00,0.81,0.81,0.795,0.795,0.795,24392
2019-07-08 14:37:00,0.795,0.8,0.795,0.8,0.8,24444
2019-07-08 14:38:00,0.8,0.82,0.795,0.82,0.82,24462
2019-07-08 14:39:00,0.82,0.825,0.81,0.825,0.825,24462
2019-07-08 14:40:00,0.825,0.825,0.815,0.815,0.815,24482
2019-07-08 14:41:00,0.815,0.825,0.815,0.825,0.825,24485
2019-07-08 14:42:00,0.825,0.825,0.815,0.82,0.82,24511
2019-07-08 14:43:00,0.82,0.845,0.82,0.845,0.845,24511
2019-07-08 14:44:00,0.835,0.84,0.83,0.835,0.835,24574
2019-07-08 14:45:00,0.835,0.87,0.825,0.87,0.87,24587
2019-07-08 14:46:00,0.875,0.915,0.875,0.9,0.9,24917
2019-07-08 14:47:00,0.9,0.9,0.88,0.885,0.885,25035
2019-07-08 14:48:00,0.885,0.905,0.885,0.89,0.89,25062
2019-07-08 14:49:00,0.89,0.895,0.885,0.895,0.895,25368
2019-07-08 14:50:00,0.88,0.885,0.855,0.855,0.855,25894
2019-07-08 14:51:00,0.855,0.855,0.82,0.845,0.845,26047
2019-07-08 14:52:00,0.845,0.85,0.845,0.845,0.845,26147
2019-07-08 14:53:00,0.845,0.845,0.815,0.815,0.815,26166
2019-07-08 14:54:00,0.815,0.815,0.785,0.805,0.805,26284
2019-07-08 14:55:00,0.805,0.815,0.79,0.815,0.815,26689
2019-07-08 14:56:00,0.815,0.825,0.815,0.815,0.815,26699
2019-07-08 14:57:00,0.805,0.815,0.805,0.805,0.805,26739
2019-07-08 14:58:00,0.805,0.825,0.805,0.815,0.815,26741
2019-07-08 14:59:00,0.815,0.815,0.805,0.805,0.805,26744
2019-07-08 15:00:00,0.805,0.825,0.805,0.825,0.825,26744
2019-07-08 15:01:00,0.825,0.825,0.805,0.805,0.805,26753
2019-07-08 15:02:00,0.815,0.815,0.775,0.775,0.775,26788
2019-07-08 15:03:00,0.775,0.785,0.77,0.775,0.775,26802
2019-07-08 15:04:00,0.775,0.8,0.765,0.765,0.765,26829
2019-07-08 15:05:00,0.765,0.795,0.765,0.775,0.775,26872
2019-07-08 15:06:00,0.775,0.795,0.775,0.79,0.79,26913
2019-07-08 15:07:00,0.785,0.81,0.785,0.8,0.8,26923
2019-07-08 15:08:00,0.79,0.805,0.785,0.8,0.8,26935
2019-07-08 15:09:00,0.805,0.835,0.805,0.83,0.83,26970
2019-07-08 15:10:00,0.825,0.825,0.795,0.82,0.82,27020
2019-07-08 15:11:00,0.82,0.82,0.805,0.805,0.805,27028
2019-07-08 15:12:00,0.805,0.875,0.805,0.875,0.875,27029
2019-07-08 15:13:00,0.86,0.875,0.855,0.865,0.865,27047
2019-07-08 15:14:00,0.865,0.92,0.865,0.92,0.92,27088
2019-07-08 15:15:00,0.925,0.975,0.925,0.935,0.935,27189
2019-07-08 15:16:00,0.935,0.935,0.88,0.88,0.88,27506
2019-07-08 15:17:00,0.885,0.895,0.875,0.875,0.875,27575
2019-07-08 15:18:00,0.89,0.895,0.865,0.89,0.89,27648
2019-07-08 15:19:00,0.88,0.895,0.87,0.875,0.875,27732
2019-07-08 15:20:00,0.89,0.89,0.86,0.87,0.87,27764
2019-07-08 15:21:00,0.87,0.89,0.865,0.89,0.89,27990
2019-07-08 15:22:00,0.89,0.89,0.865,0.865,0.865,27991
2019-07-08 15:23:00,0.865,0.865,0.845,0.845,0.845,28002
2019-07-08 15:24:00,0.855,0.875,0.855,0.86,0.86,28025
2019-07-08 15:25:00,0.855,0.855,0.84,0.85,0.85,28064
2019-07-08 15:26:00,0.865,0.875,0.855,0.875,0.875,28074
2019-07-08 15:27:00,0.875,0.915,0.875,0.915,0.915,28096
2019-07-08 15:28:00,0.915,0.915,0.89,0.895,0.895,28169
2019-07-08 15:29:00,0.9,0.94,0.9,0.94,0.94,28192
2019-07-08 15:30:00,0.945,0.955,0.94,0.955,0.955,28229
2019-07-08 15:31:00,0.955,0.995,0.94,0.955,0.955,28448
2019-07-08 15:32:00,0.955,0.955,0.9,0.905,0.905,28533
2019-07-08 15:33:00,0.9,0.925,0.89,0.89,0.89,28610
2019-07-08 15:34:00,0.89,0.945,0.875,0.945,0.945,28642
2019-07-08 15:35:00,0.96,0.99,0.96,0.97,0.97,28788
2019-07-08 15:36:00,0.975,0.985,0.96,0.965,0.965,29184
2019-07-08 15:37:00,0.965,0.985,0.965,0.98,0.98,29435
2019-07-08 15:38:00,0.995,0.995,0.97,0.995,0.995,29507
2019-07-08 15:39:00,0.99,1.04,0.99,1.04,1.04,29693
2019-07-08 15:40:00,1.04,1.04,1.005,1.005,1.005,29848
2019-07-08 15:41:00,0.995,1.005,0.975,0.975,0.975,29884
2019-07-08 15:42:00,0.975,0.98,0.965,0.975,0.975,29949
2019-07-08 15:43:00,0.97,0.975,0.965,0.965,0.965,30186
2019-07-08 15:44:00,0.975,0.975,0.96,0.975,0.975,30505
2019-07-08 15:45:00,0.975,0.985,0.97,0.975,0.975,30759
2019-07-08 15:46:00,0.99,0.99,0.965,0.97,0.97,31031
2019-07-08 15:47:00,0.97,0.98,0.965,0.965,0.965,31644
2019-07-08 15:48:00,0.965,0.985,0.955,0.985,0.985,31857
2019-07-08 15:49:00,0.985,0.995,0.97,0.99,0.99,32287
2019-07-08 15:50:00,0.99,0.99,0.95,0.95,0.95,32690
2019-07-08 15:51:00,0.945,0.945,0.92,0.92,0.92,32845
2019-07-08 15:52:00,0.915,0.935,0.91,0.915,0.915,33005
2019-07-08 15:53:00,0.92,0.965,0.92,0.955,0.955,33047
2019-07-08 15:54:00,0.96,0.96,0.91,0.92,0.92,33470
2019-07-08 15:55:00,0.925,0.94,0.89,0.89,0.89,33597
2019-07-08 15:56:00,0.885,0.9,0.885,0.89,0.89,33853
2019-07-08 15:57:00,0.885,0.905,0.885,0.895,0.895,33934
2019-07-08 15:58:00,0.895,0.905,0.87,0.9,0.9,33943
2019-07-08 15:59:00,0.895,0.905,0.87,0.905,0.905,34255
2019-07-08 16:00:00,0.905,0.905,0.905,0.905,0.905,34739
2019-07-09 09:29:00,0.905,0.905,0.355,0.37,0.37,35185
2019-07-09 09:30:00,0.37,0.375,0.355,0.375,0.375,44
2019-07-09 09:31:00,0.375,0.415,0.375,0.405,0.405,134
2019-07-09 09:32:00,0.405,0.475,0.405,0.455,0.455,577
2019-07-09 09:33:00,0.465,0.49,0.455,0.49,0.49,806
2019-07-09 09:34:00,0.485,0.485,0.455,0.485,0.485,1173
2019-07-09 09:35:00,0.485,0.515,0.485,0.505,0.505,1203
2019-07-09 09:36:00,0.505,0.535,0.505,0.53,0.53,1402
2019-07-09 09:37:00,0.535,0.565,0.525,0.54,0.54,1587
2019-07-09 09:38:00,0.54,0.545,0.475,0.475,0.475,1679
2019-07-09 09:39:00,0.475,0.495,0.46,0.495,0.495,1787
2019-07-09 09:40:00,0.495,0.52,0.495,0.515,0.515,2075
2019-07-09 09:41:00,0.5,0.515,0.485,0.485,0.485,2114
2019-07-09 09:42:00,0.485,0.485,0.445,0.45,0.45,2150
2019-07-09 09:43:00,0.45,0.465,0.435,0.445,0.445,2212
2019-07-09 09:44:00,0.445,0.485,0.445,0.475,0.475,2273
2019-07-09 09:45:00,0.475,0.535,0.475,0.535,0.535,2345
2019-07-09 09:46:00,0.535,0.545,0.48,0.48,0.48,2446
2019-07-09 09:47:00,0.465,0.505,0.46,0.485,0.485,2513
2019-07-09 09:48:00,0.485,0.505,0.475,0.495,0.495,2523
2019-07-09 09:49:00,0.495,0.525,0.485,0.525,0.525,2565
2019-07-09 09:50:00,0.51,0.51,0.475,0.5,0.5,2633
2019-07-09 09:51:00,0.475,0.475,0.475,0.475,0.475,2792
2019-07-09 09:52:00,0.465,0.505,0.465,0.495,0.495,2807
2019-07-09 09:53:00,0.495,0.505,0.465,0.465,0.465,2808
2019-07-09 09:54:00,0.465,0.485,0.465,0.485,0.485,2911
2019-07-09 09:55:00,0.475,0.51,0.475,0.475,0.475,2947
2019-07-09 09:56:00,0.48,0.49,0.475,0.475,0.475,2961
2019-07-09 09:57:00,0.475,0.495,0.47,0.475,0.475,3081
2019-07-09 09:58:00,0.475,0.515,0.475,0.505,0.505,3108
2019-07-09 09:59:00,0.505,0.52,0.485,0.52,0.52,3172
2019-07-09 10:00:00,0.525,0.535,0.515,0.535,0.535,3296
2019-07-09 10:01:00,0.535,0.56,0.535,0.555,0.555,3440
2019-07-09 10:02:00,0.565,0.565,0.545,0.555,0.555,3570
2019-07-09 10:03:00,0.555,0.565,0.545,0.555,0.555,3676
2019-07-09 10:04:00,0.555,0.565,0.545,0.56,0.56,3733
2019-07-09 10:05:00,0.555,0.575,0.555,0.575,0.575,3859
2019-07-09 10:06:00,0.575,0.585,0.575,0.58,0.58,3870
2019-07-09 10:07:00,0.585,0.595,0.585,0.585,0.585,4089
2019-07-09 10:08:00,0.585,0.595,0.575,0.595,0.595,4310
2019-07-09 10:09:00,0.595,0.605,0.585,0.59,0.59,4326
2019-07-09 10:10:00,0.585,0.595,0.585,0.585,0.585,4444
2019-07-09 10:11:00,0.575,0.575,0.545,0.565,0.565,4497
2019-07-09 10:12:00,0.565,0.565,0.555,0.565,0.565,4555
2019-07-09 10:13:00,0.57,0.575,0.565,0.565,0.565,4556
2019-07-09 10:14:00,0.565,0.565,0.535,0.54,0.54,4645
2019-07-09 10:15:00,0.555,0.555,0.535,0.535,0.535,4792
2019-07-09 10:16:00,0.535,0.535,0.52,0.53,0.53,4856
2019-07-09 10:17:00,0.525,0.545,0.515,0.545,0.545,4915
2019-07-09 10:18:00,0.545,0.56,0.54,0.56,0.56,4927
2019-07-09 10:19:00,0.56,0.575,0.535,0.535,0.535,5022
2019-07-09 10:20:00,0.535,0.585,0.535,0.585,0.585,5064
2019-07-09 10:21:00,0.585,0.585,0.565,0.565,0.565,5069
2019-07-09 10:22:00,0.565,0.565,0.515,0.515,0.515,5347
2019-07-09 10:23:00,0.515,0.525,0.505,0.525,0.525,5369
2019-07-09 10:24:00,0.525,0.535,0.515,0.535,0.535,6310
2019-07-09 10:25:00,0.555,0.565,0.55,0.555,0.555,6394
2019-07-09 10:26:00,0.555,0.565,0.555,0.565,0.565,6783
2019-07-09 10:27:00,0.565,0.565,0.54,0.545,0.545,6863
2019-07-09 10:28:00,0.545,0.545,0.525,0.53,0.53,6915
2019-07-09 10:29:00,0.535,0.565,0.535,0.565,0.565,6928
2019-07-09 10:30:00,0.565,0.565,0.555,0.555,0.555,6948
2019-07-09 10:31:00,0.555,0.575,0.555,0.575,0.575,6968
2019-07-09 10:32:00,0.575,0.595,0.575,0.595,0.595,6984
2019-07-09 10:33:00,0.595,0.63,0.595,0.615,0.615,7053
2019-07-09 10:34:00,0.615,0.615,0.615,0.615,0.615,7137
2019-07-09 10:35:00,0.615,0.63,0.615,0.625,0.625,7181
2019-07-09 10:36:00,0.625,0.645,0.625,0.645,0.645,7558
2019-07-09 10:37:00,0.645,0.645,0.625,0.635,0.635,8038
2019-07-09 10:38:00,0.635,0.655,0.635,0.65,0.65,8320
2019-07-09 10:39:00,0.65,0.69,0.65,0.69,0.69,8383
2019-07-09 10:40:00,0.69,0.69,0.655,0.655,0.655,8406
2019-07-09 10:41:00,0.655,0.655,0.64,0.645,0.645,9546
2019-07-09 10:42:00,0.645,0.66,0.635,0.66,0.66,9647
2019-07-09 10:43:00,0.66,0.685,0.66,0.675,0.675,9784
2019-07-09 10:44:00,0.675,0.675,0.665,0.675,0.675,10287
2019-07-09 10:45:00,0.675,0.68,0.665,0.68,0.68,10294
2019-07-09 10:46:00,0.675,0.675,0.665,0.665,0.665,10411
2019-07-09 10:47:00,0.655,0.685,0.655,0.685,0.685,10432
2019-07-09 10:48:00,0.685,0.705,0.685,0.705,0.705,11036
2019-07-09 10:49:00,0.69,0.715,0.685,0.715,0.715,11205
2019-07-09 10:50:00,0.715,0.715,0.695,0.695,0.695,11822
2019-07-09 10:51:00,0.695,0.695,0.66,0.66,0.66,11847
2019-07-09 10:52:00,0.66,0.665,0.645,0.655,0.655,12362
2019-07-09 10:53:00,0.66,0.675,0.655,0.675,0.675,12558
2019-07-09 10:54:00,0.675,0.695,0.665,0.695,0.695,12675
2019-07-09 10:55:00,0.695,0.695,0.66,0.66,0.66,12681
2019-07-09 10:56:00,0.655,0.655,0.645,0.645,0.645,12797
2019-07-09 10:57:00,0.635,0.635,0.63,0.635,0.635,12804
2019-07-09 10:58:00,0.635,0.635,0.62,0.62,0.62,13032
2019-07-09 10:59:00,0.615,0.62,0.595,0.595,0.595,13283
2019-07-09 11:00:00,0.595,0.61,0.58,0.585,0.585,13454
2019-07-09 11:01:00,0.585,0.605,0.585,0.605,0.605,13477
2019-07-09 11:02:00,0.605,0.605,0.585,0.605,0.605,13489
2019-07-09 11:03:00,0.605,0.65,0.6,0.65,0.65,13521
2019-07-09 11:04:00,0.65,0.695,0.65,0.675,0.675,13835
2019-07-09 11:05:00,0.675,0.72,0.675,0.715,0.715,13856
2019-07-09 11:06:00,0.7,0.745,0.695,0.745,0.745,14007
2019-07-09 11:07:00,0.735,0.735,0.71,0.72,0.72,14070
2019-07-09 11:08:00,0.72,0.72,0.675,0.685,0.685,14183
2019-07-09 11:09:00,0.685,0.71,0.685,0.705,0.705,14218
2019-07-09 11:10:00,0.705,0.705,0.67,0.67,0.67,14287
2019-07-09 11:11:00,0.67,0.685,0.665,0.68,0.68,14307
2019-07-09 11:12:00,0.68,0.705,0.68,0.705,0.705,14319
2019-07-09 11:13:00,0.705,0.72,0.705,0.715,0.715,14331
2019-07-09 11:14:00,0.715,0.715,0.705,0.705,0.705,14952
2019-07-09 11:15:00,0.705,0.725,0.69,0.725,0.725,15472
2019-07-09 11:16:00,0.725,0.725,0.715,0.715,0.715,15486
2019-07-09 11:17:00,0.715,0.725,0.705,0.725,0.725,15490
2019-07-09 11:18:00,0.725,0.74,0.725,0.735,0.735,15600
2019-07-09 11:19:00,0.735,0.745,0.725,0.745,0.745,15614
2019-07-09 11:20:00,0.745,0.745,0.73,0.73,0.73,15740
2019-07-09 11:21:00,0.735,0.745,0.73,0.73,0.73,15758
2019-07-09 11:22:00,0.73,0.735,0.725,0.735,0.735,15797
2019-07-09 11:23:00,0.735,0.735,0.73,0.735,0.735,15981
2019-07-09 11:24:00,0.725,0.735,0.725,0.735,0.735,15989
2019-07-09 11:25:00,0.735,0.735,0.715,0.715,0.715,16032
2019-07-09 11:26:00,0.72,0.735,0.72,0.735,0.735,16038
2019-07-09 11:27:00,0.735,0.735,0.685,0.69,0.69,16148
2019-07-09 11:28:00,0.685,0.685,0.645,0.655,0.655,16281
2019-07-09 11:29:00,0.655,0.655,0.63,0.635,0.635,16302
2019-07-09 11:30:00,0.635,0.675,0.635,0.675,0.675,16434
2019-07-09 11:31:00,0.685,0.7,0.68,0.69,0.69,16773
2019-07-09 11:32:00,0.68,0.695,0.68,0.68,0.68,17387
2019-07-09 11:33:00,0.68,0.695,0.68,0.69,0.69,17909
2019-07-09 11:34:00,0.69,0.69,0.635,0.635,0.635,17963
2019-07-09 11:35:00,0.635,0.635,0.605,0.605,0.605,17968
2019-07-09 11:36:00,0.605,0.605,0.595,0.595,0.595,17995
2019-07-09 11:37:00,0.595,0.625,0.595,0.625,0.625,18001
2019-07-09 11:38:00,0.625,0.625,0.605,0.615,0.615,18587
2019-07-09 11:39:00,0.62,0.64,0.62,0.63,0.63,19098
2019-07-09 11:40:00,0.63,0.63,0.615,0.625,0.625,19127
2019-07-09 11:41:00,0.625,0.625,0.625,0.625,0.625,19153
2019-07-09 11:44:00,0.6,0.6,0.6,0.6,0.6,19588
2019-07-09 11:45:00,0.605,0.62,0.595,0.62,0.62,19597
2019-07-09 11:46:00,0.62,0.625,0.6,0.6,0.6,19607
2019-07-09 11:47:00,0.6,0.61,0.6,0.605,0.605,19633
2019-07-09 11:48:00,0.605,0.605,0.585,0.595,0.595,19646
2019-07-09 11:49:00,0.595,0.605,0.595,0.605,0.605,19648
2019-07-09 11:50:00,0.605,0.605,0.575,0.595,0.595,19660
2019-07-09 11:51:00,0.595,0.595,0.59,0.595,0.595,19674
2019-07-09 11:52:00,0.595,0.625,0.595,0.625,0.625,19674
2019-07-09 11:53:00,0.615,0.615,0.585,0.59,0.59,19770
2019-07-09 11:54:00,0.59,0.625,0.59,0.62,0.62,19770
2019-07-09 11:55:00,0.61,0.645,0.61,0.645,0.645,19821
2019-07-09 11:56:00,0.645,0.655,0.64,0.655,0.655,19894
2019-07-09 11:57:00,0.655,0.66,0.655,0.655,0.655,19997
2019-07-09 11:58:00,0.66,0.665,0.655,0.655,0.655,20323
2019-07-09 11:59:00,0.655,0.655,0.635,0.635,0.635,20333
2019-07-09 12:00:00,0.635,0.69,0.635,0.69,0.69,20395
2019-07-09 12:01:00,0.685,0.695,0.685,0.695,0.695,20398
2019-07-09 12:02:00,0.695,0.695,0.67,0.675,0.675,20411
2019-07-09 12:03:00,0.675,0.685,0.67,0.685,0.685,20528
2019-07-09 12:04:00,0.685,0.685,0.68,0.685,0.685,20548
2019-07-09 12:05:00,0.685,0.705,0.685,0.705,0.705,20578
2019-07-09 12:06:00,0.715,0.715,0.665,0.665,0.665,20597
2019-07-09 12:07:00,0.665,0.665,0.64,0.655,0.655,21804
2019-07-09 12:08:00,0.655,0.655,0.64,0.645,0.645,21886
2019-07-09 12:09:00,0.645,0.655,0.635,0.645,0.645,21920
2019-07-09 12:10:00,0.645,0.66,0.645,0.66,0.66,22023
2019-07-09 12:11:00,0.66,0.675,0.66,0.675,0.675,22034
2019-07-09 12:12:00,0.675,0.685,0.665,0.685,0.685,22325
2019-07-09 12:13:00,0.685,0.685,0.685,0.685,0.685,22703
2019-07-09 12:16:00,0.685,0.69,0.68,0.69,0.69,23264
2019-07-09 12:17:00,0.69,0.695,0.675,0.675,0.675,23264
2019-07-09 12:18:00,0.675,0.675,0.67,0.67,0.67,23452
2019-07-09 12:21:00,0.695,0.695,0.69,0.69,0.69,23790
2019-07-09 12:22:00,0.69,0.69,0.675,0.675,0.675,23790
2019-07-09 12:23:00,0.665,0.665,0.665,0.665,0.665,23808
2019-07-09 12:25:00,0.66,0.66,0.655,0.655,0.655,23839
2019-07-09 12:39:00,0.695,0.695,0.695,0.695,0.695,25687
2019-07-09 12:40:00,0.695,0.715,0.685,0.715,0.715,25944
2019-07-09 12:41:00,0.71,0.715,0.705,0.705,0.705,26131
2019-07-09 12:42:00,0.705,0.715,0.69,0.715,0.715,26136
2019-07-09 12:43:00,0.715,0.715,0.695,0.7,0.7,26290
2019-07-09 12:44:00,0.7,0.705,0.69,0.705,0.705,26405
2019-07-09 12:45:00,0.69,0.69,0.68,0.685,0.685,26433
2019-07-09 12:46:00,0.68,0.69,0.675,0.68,0.68,26440
2019-07-09 12:47:00,0.685,0.69,0.675,0.685,0.685,26440
2019-07-09 12:48:00,0.685,0.695,0.675,0.675,0.675,26443
2019-07-09 12:49:00,0.685,0.705,0.68,0.705,0.705,26456
2019-07-09 12:50:00,0.705,0.705,0.7,0.705,0.705,26486
2019-07-09 12:51:00,0.705,0.705,0.7,0.705,0.705,26511
2019-07-09 12:52:00,0.705,0.705,0.695,0.705,0.705,26646
2019-07-09 12:53:00,0.705,0.705,0.7,0.7,0.7,26646
2019-07-09 12:54:00,0.7,0.705,0.695,0.705,0.705,26696
2019-07-09 12:55:00,0.705,0.705,0.705,0.705,0.705,26697
2019-07-09 12:56:00,0.705,0.705,0.705,0.705,0.705,26861
2019-07-09 12:57:00,0.705,0.705,0.685,0.685,0.685,26861
2019-07-09 12:58:00,0.68,0.68,0.665,0.665,0.665,26937
2019-07-09 12:59:00,0.665,0.665,0.645,0.645,0.645,26943
2019-07-09 13:00:00,0.655,0.655,0.625,0.625,0.625,27970
2019-07-09 13:01:00,0.625,0.655,0.625,0.65,0.65,28048
2019-07-09 13:02:00,0.655,0.655,0.63,0.63,0.63,28077
2019-07-09 13:03:00,0.625,0.64,0.62,0.635,0.635,28185
2019-07-09 13:04:00,0.635,0.635,0.615,0.63,0.63,28286
2019-07-09 13:05:00,0.625,0.625,0.595,0.595,0.595,28309
2019-07-09 13:06:00,0.595,0.645,0.595,0.645,0.645,28513
2019-07-09 13:07:00,0.635,0.64,0.625,0.63,0.63,28555
2019-07-09 13:08:00,0.64,0.665,0.635,0.665,0.665,29139
2019-07-09 13:09:00,0.665,0.665,0.635,0.645,0.645,29531
2019-07-09 13:10:00,0.645,0.665,0.64,0.665,0.665,30035
2019-07-09 13:11:00,0.665,0.665,0.655,0.66,0.66,30113
2019-07-09 13:12:00,0.66,0.66,0.645,0.655,0.655,30180
2019-07-09 13:13:00,0.65,0.66,0.65,0.65,0.65,30287
2019-07-09 13:14:00,0.65,0.66,0.65,0.65,0.65,30291
2019-07-09 13:15:00,0.65,0.655,0.64,0.65,0.65,30363
2019-07-09 13:16:00,0.65,0.66,0.65,0.655,0.655,30363
2019-07-09 13:17:00,0.655,0.655,0.655,0.655,0.655,30495
2019-07-09 13:18:00,0.65,0.655,0.645,0.655,0.655,30495
2019-07-09 13:19:00,0.665,0.665,0.655,0.665,0.665,30519
2019-07-09 13:20:00,0.665,0.665,0.66,0.665,0.665,30527
2019-07-09 13:21:00,0.665,0.675,0.66,0.66,0.66,30927
2019-07-09 13:22:00,0.66,0.665,0.655,0.665,0.665,30929
2019-07-09 13:23:00,0.665,0.685,0.665,0.675,0.675,30929
2019-07-09 13:24:00,0.675,0.675,0.66,0.66,0.66,31332
2019-07-09 13:25:00,0.66,0.66,0.645,0.65,0.65,31332
2019-07-09 13:26:00,0.65,0.665,0.645,0.655,0.655,31335
2019-07-09 13:27:00,0.655,0.66,0.645,0.65,0.65,31758
2019-07-09 13:28:00,0.65,0.67,0.65,0.67,0.67,31766
2019-07-09 13:29:00,0.665,0.68,0.665,0.665,0.665,31768
2019-07-09 13:30:00,0.665,0.69,0.665,0.685,0.685,32241
2019-07-09 13:31:00,0.685,0.695,0.685,0.69,0.69,32651
2019-07-09 13:32:00,0.69,0.69,0.685,0.685,0.685,32661
2019-07-09 13:33:00,0.685,0.695,0.685,0.695,0.695,32692
2019-07-09 13:34:00,0.695,0.695,0.685,0.685,0.685,32702
2019-07-09 13:35:00,0.685,0.695,0.685,0.69,0.69,32838
2019-07-09 13:36:00,0.69,0.695,0.685,0.695,0.695,32853
2019-07-09 13:37:00,0.695,0.695,0.685,0.685,0.685,33274
2019-07-09 13:38:00,0.685,0.685,0.685,0.685,0.685,33487
2019-07-09 13:39:00,0.685,0.695,0.685,0.695,0.695,33531
2019-07-09 13:40:00,0.695,0.695,0.695,0.695,0.695,33532
2019-07-09 13:41:00,0.695,0.695,0.695,0.695,0.695,33668
2019-07-09 13:42:00,0.695,0.695,0.695,0.695,0.695,33734
2019-07-09 13:43:00,0.695,0.695,0.695,0.695,0.695,33736
2019-07-09 13:44:00,0.695,0.695,0.685,0.685,0.685,33736
2019-07-09 13:45:00,0.675,0.695,0.675,0.695,0.695,33756
2019-07-09 13:46:00,0.695,0.705,0.685,0.705,0.705,33797
2019-07-09 13:47:00,0.705,0.705,0.695,0.7,0.7,33832
2019-07-09 13:48:00,0.705,0.705,0.695,0.695,0.695,33962
2019-07-09 13:49:00,0.695,0.695,0.695,0.695,0.695,33972
2019-07-09 13:50:00,0.695,0.695,0.685,0.685,0.685,33982
2019-07-09 13:51:00,0.685,0.685,0.675,0.675,0.675,33998
2019-07-09 13:52:00,0.675,0.68,0.675,0.68,0.68,34004
2019-07-09 13:53:00,0.68,0.69,0.675,0.675,0.675,34022
2019-07-09 13:54:00,0.665,0.68,0.665,0.67,0.67,34236
2019-07-09 13:55:00,0.67,0.675,0.67,0.675,0.675,34263
2019-07-09 13:56:00,0.675,0.675,0.675,0.675,0.675,34266
2019-07-09 13:57:00,0.675,0.675,0.675,0.675,0.675,34269
2019-07-09 13:58:00,0.675,0.675,0.665,0.675,0.675,34272
2019-07-09 13:59:00,0.675,0.68,0.675,0.675,0.675,34285
2019-07-09 14:00:00,0.68,0.705,0.68,0.695,0.695,34320
2019-07-09 14:01:00,0.695,0.695,0.685,0.685,0.685,34364
2019-07-09 14:02:00,0.685,0.685,0.665,0.665,0.665,34402
2019-07-09 14:03:00,0.665,0.665,0.635,0.635,0.635,34423
2019-07-09 14:04:00,0.635,0.645,0.635,0.645,0.645,34445
2019-07-09 14:05:00,0.645,0.645,0.64,0.645,0.645,34495
2019-07-09 14:06:00,0.645,0.645,0.645,0.645,0.645,34499
2019-07-09 14:07:00,0.645,0.655,0.645,0.645,0.645,34499
2019-07-09 14:08:00,0.655,0.655,0.635,0.635,0.635,34512
2019-07-09 14:09:00,0.635,0.645,0.635,0.645,0.645,34524
2019-07-09 14:10:00,0.645,0.67,0.645,0.67,0.67,34545
2019-07-09 14:11:00,0.67,0.67,0.66,0.665,0.665,34546
2019-07-09 14:12:00,0.67,0.68,0.665,0.68,0.68,34546
2019-07-09 14:13:00,0.68,0.685,0.675,0.685,0.685,34609
2019-07-09 14:14:00,0.685,0.705,0.685,0.705,0.705,34656
2019-07-09 14:15:00,0.705,0.72,0.705,0.72,0.72,35175
2019-07-09 14:16:00,0.72,0.745,0.72,0.72,0.72,35981
2019-07-09 14:17:00,0.72,0.73,0.695,0.73,0.73,37112
2019-07-09 14:18:00,0.73,0.755,0.73,0.755,0.755,37140
2019-07-09 14:19:00,0.755,0.765,0.755,0.765,0.765,37197
2019-07-09 14:20:00,0.765,0.765,0.745,0.75,0.75,37949
2019-07-09 14:21:00,0.75,0.765,0.745,0.745,0.745,38717
2019-07-09 14:22:00,0.75,0.75,0.74,0.74,0.74,39730
2019-07-09 14:23:00,0.735,0.745,0.735,0.735,0.735,39731
2019-07-09 14:24:00,0.735,0.745,0.735,0.735,0.735,39791
2019-07-09 14:25:00,0.735,0.74,0.73,0.735,0.735,39951
2019-07-09 14:26:00,0.735,0.745,0.735,0.735,0.735,39956
2019-07-09 14:27:00,0.735,0.735,0.735,0.735,0.735,40306
2019-07-09 14:28:00,0.735,0.735,0.715,0.715,0.715,40312
2019-07-09 14:29:00,0.715,0.715,0.705,0.715,0.715,40348
2019-07-09 14:30:00,0.715,0.725,0.715,0.725,0.725,40679
2019-07-09 14:31:00,0.725,0.725,0.715,0.715,0.715,40702
2019-07-09 14:32:00,0.715,0.715,0.695,0.695,0.695,40702
2019-07-09 14:33:00,0.695,0.695,0.69,0.695,0.695,40729
2019-07-09 14:44:00,0.69,0.69,0.69,0.69,0.69,40851
2019-07-09 14:45:00,0.69,0.7,0.69,0.7,0.7,40852
2019-07-09 14:46:00,0.7,0.715,0.69,0.715,0.715,40973
2019-07-09 14:47:00,0.715,0.715,0.71,0.715,0.715,41478
2019-07-09 14:48:00,0.715,0.715,0.695,0.695,0.695,41491
2019-07-09 14:49:00,0.695,0.695,0.675,0.685,0.685,41993
2019-07-09 14:50:00,0.685,0.705,0.68,0.695,0.695,42164
2019-07-09 14:51:00,0.695,0.715,0.695,0.715,0.715,42673
2019-07-09 14:52:00,0.715,0.715,0.705,0.705,0.705,43214
2019-07-09 14:53:00,0.705,0.725,0.705,0.725,0.725,44224
2019-07-09 14:54:00,0.725,0.725,0.705,0.705,0.705,44239
2019-07-09 14:55:00,0.705,0.715,0.705,0.715,0.715,45253
2019-07-09 14:56:00,0.715,0.725,0.715,0.725,0.725,45257
2019-07-09 14:57:00,0.725,0.725,0.715,0.72,0.72,45257
2019-07-09 14:58:00,0.715,0.715,0.695,0.705,0.705,45260
2019-07-09 14:59:00,0.705,0.715,0.695,0.695,0.695,45270
2019-07-09 15:00:00,0.695,0.725,0.695,0.725,0.725,45771
2019-07-09 15:01:00,0.725,0.735,0.725,0.73,0.73,46323
2019-07-09 15:02:00,0.73,0.73,0.725,0.725,0.725,46850
2019-07-09 15:03:00,0.725,0.745,0.725,0.745,0.745,46903
2019-07-09 15:04:00,0.745,0.745,0.735,0.745,0.745,47406
2019-07-09 15:05:00,0.745,0.745,0.685,0.69,0.69,47511
2019-07-09 15:06:00,0.685,0.695,0.675,0.695,0.695,48133
2019-07-09 15:07:00,0.7,0.705,0.695,0.705,0.705,49148
2019-07-09 15:08:00,0.705,0.71,0.695,0.7,0.7,49650
2019-07-09 15:09:00,0.7,0.705,0.695,0.695,0.695,49669
2019-07-09 15:10:00,0.695,0.695,0.65,0.66,0.66,49693
2019-07-09 15:11:00,0.66,0.675,0.61,0.615,0.615,50708
2019-07-09 15:12:00,0.615,0.635,0.605,0.635,0.635,50748
2019-07-09 15:13:00,0.635,0.655,0.615,0.625,0.625,50853
2019-07-09 15:14:00,0.625,0.63,0.62,0.625,0.625,51003
2019-07-09 15:15:00,0.625,0.645,0.625,0.635,0.635,51019
2019-07-09 15:16:00,0.635,0.64,0.635,0.635,0.635,51040
2019-07-09 15:17:00,0.635,0.64,0.625,0.635,0.635,51046
2019-07-09 15:18:00,0.635,0.655,0.635,0.645,0.645,51066
2019-07-09 15:19:00,0.645,0.645,0.635,0.635,0.635,51593
2019-07-09 15:20:00,0.635,0.635,0.615,0.615,0.615,52098
2019-07-09 15:21:00,0.615,0.615,0.595,0.605,0.605,52119
2019-07-09 15:22:00,0.605,0.605,0.585,0.585,0.585,53487
2019-07-09 15:23:00,0.585,0.595,0.585,0.585,0.585,53521
2019-07-09 15:24:00,0.585,0.595,0.585,0.585,0.585,53532
2019-07-09 15:25:00,0.585,0.59,0.585,0.59,0.59,53550
2019-07-09 15:26:00,0.585,0.59,0.575,0.575,0.575,53554
2019-07-09 15:27:00,0.575,0.605,0.575,0.605,0.605,53679
2019-07-09 15:28:00,0.605,0.63,0.605,0.62,0.62,54680
2019-07-09 15:29:00,0.62,0.625,0.62,0.625,0.625,54685
2019-07-09 15:30:00,0.625,0.625,0.615,0.625,0.625,54690
2019-07-09 15:31:00,0.625,0.625,0.625,0.625,0.625,54730
2019-07-09 15:32:00,0.625,0.66,0.625,0.66,0.66,54748
2019-07-09 15:33:00,0.66,0.675,0.655,0.66,0.66,54853
2019-07-09 15:34:00,0.655,0.675,0.655,0.675,0.675,54872
2019-07-09 15:35:00,0.675,0.695,0.675,0.685,0.685,54933
2019-07-09 15:36:00,0.685,0.695,0.685,0.69,0.69,55162
2019-07-09 15:37:00,0.695,0.695,0.695,0.695,0.695,56267
2019-07-09 15:38:00,0.695,0.715,0.695,0.715,0.715,56297
2019-07-09 15:39:00,0.72,0.745,0.705,0.725,0.725,57002
2019-07-09 15:40:00,0.725,0.73,0.72,0.725,0.725,57525
2019-07-09 15:41:00,0.725,0.745,0.725,0.745,0.745,57527
2019-07-09 15:42:00,0.745,0.755,0.745,0.755,0.755,57643
2019-07-09 15:43:00,0.755,0.765,0.755,0.765,0.765,57710
2019-07-09 15:44:00,0.765,0.765,0.76,0.765,0.765,57807
2019-07-09 15:45:00,0.765,0.765,0.745,0.755,0.755,57820
2019-07-09 15:46:00,0.745,0.765,0.74,0.76,0.76,57937
2019-07-09 15:47:00,0.765,0.815,0.765,0.81,0.81,57950
2019-07-09 15:48:00,0.81,0.845,0.81,0.83,0.83,58777
2019-07-09 15:49:00,0.835,0.875,0.82,0.875,0.875,59420
2019-07-09 15:50:00,0.875,0.915,0.875,0.915,0.915,59559
2019-07-09 15:51:00,0.915,0.96,0.915,0.96,0.96,60159
2019-07-09 15:52:00,0.965,1.005,0.965,1.005,1.005,60361
2019-07-09 15:53:00,1.005,1.075,0.99,1.065,1.065,60618
2019-07-09 15:54:00,1.055,1.105,0.98,0.98,0.98,60950
2019-07-09 15:55:00,1.01,1.06,1.0,1.025,1.025,61547
2019-07-09 15:56:00,1.025,1.075,1.025,1.055,1.055,61594
2019-07-09 15:57:00,1.055,1.055,0.99,0.99,0.99,61844
2019-07-09 15:58:00,1.025,1.03,0.96,0.96,0.96,61998
2019-07-09 15:59:00,0.945,0.98,0.945,0.955,0.955,62412
2019-07-09 16:00:00,0.955,0.955,0.955,0.955,0.955,62455
